{
	"format_version": "1.8.0",
	"animations": {
		"animation.duskitplushie.ground_idle": {
			"loop": true,
			"animation_length": 2,
			"bones": {
				"duskitplushie": {
					"position": {
						"0.0": [0, 0, 0],
						"0.5": [0, 2, 0],
						"1.0": [0, 0, 0],
						"1.5": [0, 2, 0],
						"2.0": [0, 0, 0]
					}
				},
				"tail": {
					"rotation": {
						"0.0": [0, 0, 0],
						"0.5": [-17.5, 0, 0],
						"1.0": [0, 0, 0],
						"1.5": [-17.5, 0, 0],
						"2.0": [0, 0, 0]
					},
					"position": {
						"0.0": [0, 0, 0],
						"0.5": [0, 0, -1],
						"1.0": [0, 0, 0],
						"1.5": [0, 0, -1],
						"2.0": [0, 0, 0]
					}
				},
				"arm": {
					"rotation": {
						"0.0": [0, 0, 20],
						"1.0": [0, 0, 10],
						"1.8333": [0, 0, 20]
					},
					"position": {
						"0.0": [-1, -2, 0],
						"1.0": [-1, -1, 0],
						"1.8333": [-1, -2, 0]
					}
				},
				"arm2": {
					"rotation": {
						"0.0": [0, 0, -20],
						"0.75": [0, 0, -10],
						"1.5": [0, 0, -20]
					},
					"position": {
						"0.0": [1, -2, 0],
						"0.75": [1, -1, 0],
						"1.5": [1, -2, 0]
					}
				},
				"leg": {
					"rotation": [0, 0, 0],
					"position": [0, 0, 0]
				},
				"foot": {
					"rotation": {
						"0.0": [0, 0, 0],
						"1.0": [12.5, 0, 0],
						"1.8333": [0, 0, 0]
					},
					"position": {
						"0.0": [0, 0, 0],
						"1.0": [0, 0, 1],
						"1.8333": [0, 0, 0]
					}
				},
				"foot2": {
					"rotation": {
						"0.0": [0, 0, 0],
						"0.75": [12.5, 0, 0],
						"1.5": [0, 0, 0]
					},
					"position": {
						"0.0": [0, 0, 0],
						"0.75": [0, 0, 1],
						"1.5": [0, 0, 0]
					}
				}
			}
		},
		"animation.duskitplushie.ground_walk": {
			"loop": true,
			"animation_length": 1.5833,
			"bones": {
				"duskitplushie": {
					"rotation": {
						"0.0": [17.5, 0, 0],
						"0.0833": [17.56274, 4.76804, 1.50701],
						"0.1667": [17.75313, 9.53274, 3.03513],
						"0.25": [18.07779, 14.2906, 4.60659],
						"0.3333": [18.54835, 19.03771, 6.24605],
						"0.4167": [19.18246, 23.7695, 7.98205],
						"0.5": [18.54835, 19.03771, 6.24605],
						"0.5833": [18.07779, 14.2906, 4.60659],
						"0.6667": [17.75313, 9.53274, 3.03513],
						"0.75": [17.56274, 4.76804, 1.50701],
						"0.8333": [17.5, 0, 0],
						"0.9167": [17.64168, -7.15102, -2.26708],
						"1.0": [17.89807, -11.91276, -3.81397],
						"1.0833": [18.29388, -16.66577, -5.41615],
						"1.1667": [18.84359, -21.40584, -7.09999],
						"1.25": [19.56838, -26.12797, -8.89674],
						"1.3333": [18.84359, -21.40584, -7.09999],
						"1.4167": [18.29388, -16.66577, -5.41615],
						"1.5": [17.89807, -11.91276, -3.81397],
						"1.5833": [17.64168, -7.15102, -2.26708]
					},
					"position": {
						"0.0": [0, 1, 0],
						"0.0833": [-1, 1, 0],
						"0.1667": [-2, 1, 0],
						"0.25": [-3, 1, 0],
						"0.3333": [-4, 1, 0],
						"0.4167": [-5, 1, 0],
						"0.5": [-3, 1, 0],
						"0.5833": [-2, 1, 0],
						"0.6667": [-1, 1, 0],
						"0.75": [0, 1, 0],
						"0.8333": [0, 1, 0],
						"0.9167": [1, 1, 0],
						"1.0": [2, 1, 0],
						"1.0833": [3, 1, 0],
						"1.1667": [4, 1, 0],
						"1.25": [5, 1, 0],
						"1.3333": [3, 1, 0],
						"1.4167": [2, 1, 0],
						"1.5": [1, 1, 0],
						"1.5833": [0, 1, 0]
					}
				},
				"head": {
					"rotation": [-22.5, 0, 0],
					"position": [0, 1, 1]
				},
				"arm": {
					"rotation": [0, 0, 20],
					"position": [-1, -2, 0]
				},
				"arm2": {
					"rotation": [0, 0, -20],
					"position": [1, -2, 0]
				},
				"leg": {
					"rotation": [112.5, 0, 0],
					"position": [0, -3, 10]
				},
				"leg2": {
					"rotation": [112.5, 0, 0],
					"position": [0, -3, 10]
				}
			}
		},
		"animation.duskitplushie.faint": {
			"animation_length": 1.3333,
			"bones": {
				"duskitplushie": {
					"rotation": {
						"0.0": [0, 0, 0],
						"0.25": [20, 0, 0],
						"0.5": [42.5, 0, 0],
						"0.75": [90, 0, 0]
					},
					"position": {
						"0.0": [0, 0, 0],
						"0.25": [0, -3, 14],
						"0.5": [0, 1.5, 16],
						"0.75": [0, 4, 19]
					}
				},
				"eye": {
					"position": {
						"0.0": [0, 0, -0.2],
						"0.2083": [0, 0, -1.4]
					}
				},
				"eye2": {
					"position": {
						"0.0": [0, 0, -0.2],
						"0.2083": [0, 0, -2.4]
					}
				},
				"tail": {
					"rotation": {
						"0.0": [0, 0, 0],
						"0.5": [-32.5, 0, 0],
						"0.7083": [-60, 0, 0]
					},
					"position": {
						"0.0": [0, 0, 0],
						"0.5": [0, -1, -1],
						"0.7083": [0, -1, -2]
					}
				},
				"arm": {
					"rotation": [0, 0, 20],
					"position": [-1, -2, 0]
				},
				"arm2": {
					"rotation": [0, 0, -20],
					"position": [1, -2, 0]
				},
				"leg": {
					"rotation": {
						"0.0": [0, 0, 0],
						"0.7917": [90, 0, 0]
					},
					"position": {
						"0.0": [0, 0, 0],
						"0.7917": [0, -3, 7]
					}
				},
				"leg2": {
					"rotation": {
						"0.0": [0, 0, 0],
						"0.7917": [90, 0, 0]
					},
					"position": {
						"0.0": [0, 0, 0],
						"0.7917": [0, -3, 7]
					}
				}
			}
		},
		"animation.duskitplushie.sleep": {
			"loop": true,
			"bones": {
				"duskitplushie": {
					"position": [0, -6, 0]
				},
				"head": {
					"rotation": [0, 0, -20],
					"position": [0, 1, 0]
				},
				"eye": {
					"position": [0, 0, -1.4]
				},
				"eye2": {
					"position": [0, 0, -2.4]
				},
				"tail": {
					"rotation": [42.5, 0, 0],
					"position": [0, 0, 1]
				},
				"arm": {
					"rotation": [0, 0, 20],
					"position": [-1, -2, 0]
				},
				"arm2": {
					"rotation": [0, 0, -20],
					"position": [1, -2, 0]
				}
			}
		},
		"animation.duskitplushie.cry": {
			"animation_length": 2.4583,
			"sound_effects": {
				"0.0": {
					"effect": "pokemon.duskit.cry"
				}
			}
		},
		"animation.duskitplushie.blink": {
			"animation_length": 0.1667,
			"bones": {
				"eye": {
					"position": {
						"0.0": [0, 0, -1.4],
						"0.125": [-0.1, 0, -0.1],
						"0.1667": {
							"pre": [-0.1, 0, -0.1],
							"post": [0, 0, 0]
						}
					}
				},
				"eye2": {
					"position": {
						"0.0": [0, 0, -2.4],
						"0.125": [-0.1, 0, -0.1],
						"0.1667": {
							"pre": [-0.1, 0, -0.1],
							"post": [0, 0, 0]
						}
					}
				}
			}
		}
	}
}