{
	"format_version": "1.8.0",
	"animations": {
		"animation.goppie.ground_walk": {
			"loop": true,
			"animation_length": 0.5417,
			"bones": {
				"tail": {
					"rotation": {
						"0.0": [0, 0, 0],
						"0.125": [0, -25, 0],
						"0.25": [0, 0, 0],
						"0.4167": [0, 25, 0],
						"0.5": [0, 0, 0]
					},
					"position": {
						"0.0": [0, 0, 0],
						"0.125": [-2, 0, 0],
						"0.25": [0, 0, 0],
						"0.4167": [2, 0, 0],
						"0.5": [0, 0, 0]
					}
				},
				"antennaright": {
					"rotation": {
						"0.0": [64.96013, 52.30155, 69.71408],
						"0.125": [67.3707, 47.72494, 72.85354],
						"0.5": [64.96013, 52.30155, 69.71408]
					},
					"position": {
						"0.0": [4.5, 3, 3.8],
						"0.125": [4.5, 3.4, 3.5],
						"0.5": [4.5, 3, 3.8]
					}
				},
				"armfinleft": {
					"rotation": {
						"0.0": [0, -50, 0],
						"0.25": [0, 0, 0],
						"0.5": [0, -50, 0]
					},
					"position": {
						"0.0": [-1.4, 0, 0.4],
						"0.25": [0, 0, 0],
						"0.5": [-1.4, 0, 0.3]
					}
				},
				"armfinright": {
					"rotation": {
						"0.0": [0, 50, 0],
						"0.25": [0, 0, 0],
						"0.5": [0, 50, 0]
					},
					"position": {
						"0.0": [0.9, 0, 0],
						"0.25": [0, 0, 0],
						"0.5": [0.9, 0, 0]
					}
				},
				"antennaleft": {
					"rotation": {
						"0.0": [66.3, -49.76, -71.46],
						"0.2083": [66.3, -49.76, -71.46],
						"0.2917": [66.3, -49.76, -71.46],
						"0.4167": [66.3, -49.76, -71.46]
					},
					"position": {
						"0.0": [0.4, 0.72, 1.63],
						"0.2083": [0.4, 0.72, 1.63],
						"0.2917": [0.4, 0.72, 1.63],
						"0.4167": [0.4, 0.72, 1.63]
					}
				},
				"body": {
					"rotation": [0, 0, 90],
					"position": {
						"0.0": [-6, 3, 0],
						"0.125": [-6, 3, 0],
						"0.25": [-6, 6, 0],
						"0.5": [-6, 3, 0]
					}
				}
			}
		},
		"animation.goppie.ground_idle": {
			"loop": true,
			"animation_length": 0.5417,
			"bones": {
				"tail": {
					"rotation": {
						"0.0": [0, 0, 0],
						"0.125": [0, -25, 0],
						"0.25": [0, 0, 0],
						"0.4167": [0, 25, 0],
						"0.5": [0, 0, 0]
					},
					"position": {
						"0.0": [0, 0, 0],
						"0.125": [-2, 0, 0],
						"0.25": [0, 0, 0],
						"0.4167": [2, 0, 0],
						"0.5": [0, 0, 0]
					}
				},
				"antennaright": {
					"rotation": {
						"0.0": [64.96013, 52.30155, 69.71408],
						"0.125": [67.3707, 47.72494, 72.85354],
						"0.5": [64.96013, 52.30155, 69.71408]
					},
					"position": {
						"0.0": [4.5, 3, 3.8],
						"0.125": [4.5, 3.4, 3.5],
						"0.5": [4.5, 3, 3.8]
					}
				},
				"armfinleft": {
					"rotation": {
						"0.0": [0, -50, 0],
						"0.25": [0, 0, 0],
						"0.5": [0, -50, 0]
					},
					"position": {
						"0.0": [-1.4, 0, 0.4],
						"0.25": [0, 0, 0],
						"0.5": [-1.4, 0, 0.3]
					}
				},
				"armfinright": {
					"rotation": {
						"0.0": [0, 50, 0],
						"0.25": [0, 0, 0],
						"0.5": [0, 50, 0]
					},
					"position": {
						"0.0": [0.9, 0, 0],
						"0.25": [0, 0, 0],
						"0.5": [0.9, 0, 0]
					}
				},
				"antennaleft": {
					"rotation": {
						"0.0": [66.3, -49.76, -71.46],
						"0.2083": [66.3, -49.76, -71.46],
						"0.2917": [66.3, -49.76, -71.46],
						"0.4167": [66.3, -49.76, -71.46]
					},
					"position": {
						"0.0": [0.4, 0.72, 1.63],
						"0.2083": [0.4, 0.72, 1.63],
						"0.2917": [0.4, 0.72, 1.63],
						"0.4167": [0.4, 0.72, 1.63]
					}
				},
				"body": {
					"rotation": [0, 0, 90],
					"position": {
						"0.0": [-6, 3, 0],
						"0.125": [-6, 3, 0],
						"0.25": [-6, 6, 0],
						"0.5": [-6, 3, 0]
					}
				}
			}
		},
		"animation.goppie.cry": {
			"loop": true,
			"sound_effects": {
				"0.0": {
					"effect": "pokemon.goppie.cry"
				}
			}
		},
		"animation.goppie.water_idle": {
			"loop": true,
			"animation_length": 2,
			"bones": {
				"tail": {
					"rotation": {
						"0.0": [0, 0, 0],
						"0.5": [0, -25, 0],
						"1.0": [0, 0, 0],
						"1.5": [0, 25, 0],
						"2.0": [0, 0, 0]
					},
					"position": {
						"0.0": [0, 0, 0],
						"0.5": [-2, 0, 0],
						"1.0": [0, 0, 0],
						"1.5": [2, 0, 0],
						"2.0": [0, 0, 0]
					}
				},
				"antennaright": {
					"rotation": {
						"0.0": [64.96013, 52.30155, 69.71408],
						"0.5": [64.96013, 52.30155, 69.71408]
					},
					"position": {
						"0.0": [4.5, 3, 3.8],
						"0.5": [4.5, 3, 3.8]
					}
				},
				"armfinleft": {
					"rotation": {
						"0.0": [0, -50, 0],
						"1.0": [0, 0, 0],
						"2.0": [0, -50, 0]
					},
					"position": {
						"0.0": [-1.4, 0, 0.4],
						"1.0": [0, 0, 0],
						"2.0": [-1.4, 0, 0.3]
					}
				},
				"armfinright": {
					"rotation": {
						"0.0": [0, 50, 0],
						"1.0": [0, 0, 0],
						"2.0": [0, 50, 0]
					},
					"position": {
						"0.0": [0.9, 0, 0],
						"1.0": [0, 0, 0],
						"2.0": [0.9, 0, 0]
					}
				},
				"antennaleft": {
					"rotation": {
						"0.0": [66.3, -49.76, -71.46],
						"0.4167": [66.3, -49.76, -71.46]
					},
					"position": {
						"0.0": [0.4, 0.72, 1.63],
						"0.4167": [0.4, 0.72, 1.63]
					}
				}
			}
		},
		"animation.goppie.water_swim": {
			"loop": true,
			"animation_length": 1,
			"bones": {
				"tail": {
					"rotation": {
						"0.0": [0, 0, 0],
						"0.25": [0, -25, 0],
						"0.5": [0, 0, 0],
						"0.75": [0, 25, 0],
						"1.0": [0, 0, 0]
					},
					"position": {
						"0.0": [0, 0, 0],
						"0.25": [-2, 0, 0],
						"0.5": [0, 0, 0],
						"0.75": [2, 0, 0],
						"1.0": [0, 0, 0]
					}
				},
				"antennaright": {
					"rotation": {
						"0.0": [64.96013, 52.30155, 69.71408],
						"0.5": [64.96013, 52.30155, 69.71408]
					},
					"position": {
						"0.0": [4.5, 3, 3.8],
						"0.5": [4.5, 3, 3.8]
					}
				},
				"armfinleft": {
					"rotation": {
						"0.0": [0, -50, 0],
						"0.5": [0, 0, 0],
						"1.0": [0, -50, 0]
					},
					"position": {
						"0.0": [-1.4, 0, 0.4],
						"0.5": [0, 0, 0],
						"1.0": [-1.4, 0, 0.3]
					}
				},
				"armfinright": {
					"rotation": {
						"0.0": [0, 50, 0],
						"0.5": [0, 0, 0],
						"1.0": [0, 50, 0]
					},
					"position": {
						"0.0": [0.9, 0, 0],
						"0.5": [0, 0, 0],
						"1.0": [0.9, 0, 0]
					}
				},
				"antennaleft": {
					"rotation": {
						"0.0": [66.3, -49.76, -71.46],
						"0.4167": [66.3, -49.76, -71.46]
					},
					"position": {
						"0.0": [0.4, 0.72, 1.63],
						"0.4167": [0.4, 0.72, 1.63]
					}
				}
			}
		}
	}
}